Username,Password
user00001,pass00001
user00002,pass00002
user00003,pass00003
user00004,pass00004
user00005,pass00005
user00006,pass00006
user00007,pass00007
user00008,pass00008
user00009,pass00009
user00010,pass00010
user00011,pass00011
user00012,pass00012
user00013,pass00013
user00014,pass00014
user00015,pass00015
user00016,pass00016
user00017,pass00017
user00018,pass00018
user00019,pass00019
user00020,pass00020
user00021,pass00021
user00022,pass00022
user00023,pass00023
user00024,pass00024
user00025,pass00025
user00026,pass00026
user00027,pass00027
user00028,pass00028
user00029,pass00029
user00030,pass00030
user00031,pass00031
user00032,pass00032
user00033,pass00033
user00034,pass00034
user00035,pass00035
user00036,pass00036
user00037,pass00037
user00038,pass00038
user00039,pass00039
user00040,pass00040
user00041,pass00041
user00042,pass00042
user00043,pass00043
user00044,pass00044
user00045,pass00045
user00046,pass00046
user00047,pass00047
user00048,pass00048
user00049,pass00049
user00050,pass00050
user00051,pass00051
user00052,pass00052
user00053,pass00053
user00054,pass00054
user00055,pass00055
user00056,pass00056
user00057,pass00057
user00058,pass00058
user00059,pass00059
user00060,pass00060
user00061,pass00061
user00062,pass00062
user00063,pass00063
user00064,pass00064
user00065,pass00065
user00066,pass00066
user00067,pass00067
user00068,pass00068
user00069,pass00069
user00070,pass00070
user00071,pass00071
user00072,pass00072
user00073,pass00073
user00074,pass00074
user00075,pass00075
user00076,pass00076
user00077,pass00077
user00078,pass00078
user00079,pass00079
user00080,pass00080
user00081,pass00081
user00082,pass00082
user00083,pass00083
user00084,pass00084
user00085,pass00085
user00086,pass00086
user00087,pass00087
user00088,pass00088
user00089,pass00089
user00090,pass00090
user00091,pass00091
user00092,pass00092
user00093,pass00093
user00094,pass00094
user00095,pass00095
user00096,pass00096
user00097,pass00097
user00098,pass00098
user00099,pass00099
user00100,pass00100